oid,class
65929,CEP
80285,RRc
31287,DSCT
140006,DSCT
133200,DSCT
87481,RR
96849,RRc
9215,RR
97158,RRc
87761,RRc
125918,CEP
135246,RRc
9527,RR
74309,CEP
87133,CEP
82673,CEP
63705,DSCT
166039,DSCT
60827,CEP
60654,CEP
98313,RRc
161957,DSCT
31509,RR
112575,RR
132417,CEP
140354,RRc
7277,RRc
133544,RRc
96329,RRc
89612,RR
96871,RR
19245,RR
67061,RR
23847,RR
127961,CEP
159451,CEP
117284,DSCT
8426,RRc
130494,RR
29241,RRc
17860,DSCT
160385,RR
154448,CEP
24014,DSCT
79539,RRc
50559,RR
105749,RRc
160237,CEP
73988,RR
135811,RRc
34786,RR
61955,CEP
111036,RRc
135273,RRc
165797,DSCT
62301,CEP
96635,RR
68032,RRc
63691,DSCT
71882,CEP
39136,CEP
99090,RRc
29084,RRc
36748,RR
35321,RR
25659,DSCT
25181,CEP
103797,RRc
95158,DSCT
166418,DSCT
167012,RRc
89678,DSCT
62974,DSCT
29264,RR
78711,RR
9066,RRc
119348,CEP
138331,DSCT
23099,DSCT
7062,RRc
101230,RR
65072,CEP
55438,RR
106240,RRc
103548,DSCT
139317,DSCT
132296,CEP
37451,RR
49333,CEP
125002,CEP
63437,CEP
29088,RRc
12694,DSCT
70649,CEP
23759,CEP
37759,DSCT
23737,RR
98240,DSCT
86599,CEP
17873,DSCT
108744,RR
137143,RRc
97442,DSCT
78391,RRc
88568,RRc
62388,CEP
104420,RRc
64009,CEP
160324,CEP
159003,CEP
84775,RR
89600,DSCT
64658,DSCT
70476,DSCT
96634,DSCT
71133,RR
86986,DSCT
133063,DSCT
95134,RR
29454,CEP
152437,CEP
105890,CEP
99428,DSCT
139413,DSCT
123073,RR
159439,CEP
169435,RRc
28705,CEP
136069,RR
116479,RRc
165328,RRc
168269,RRc
130143,RR
85038,CEP
73087,RR
103334,DSCT
103407,RR
51412,CEP
106631,RRc
89827,RR
135024,RRc
160304,CEP
86966,DSCT
101853,RRc
101640,RRc
7957,RR
155971,CEP
69728,DSCT
80214,RR
140098,DSCT
158924,CEP
136144,RRc
28418,CEP
139392,DSCT
158934,RRc
95646,RR
135699,DSCT
146027,RRc
170501,RRc
75135,DSCT
21952,DSCT
104900,RRc
63324,RR
97111,DSCT
29268,CEP
160223,CEP
30546,RRc
135759,RRc
60183,CEP
36536,RR
87605,RRc
119369,CEP
85004,DSCT
90800,DSCT
32006,CEP
17946,DSCT
129119,CEP
50716,RR
158905,RRc
64989,CEP
135698,DSCT
97729,DSCT
69886,DSCT
34682,RR
77498,RR
77706,RR
11688,RRc
132415,CEP
65877,DSCT
117981,DSCT
89799,RR
160297,CEP
159429,CEP
112950,DSCT
112582,RRc
37318,RR
137973,CEP
101737,RRc
167509,RRc
166086,DSCT
67119,RR
152439,CEP
133482,RRc
23050,RRc
135035,RR
116184,DSCT
154411,CEP
7824,CEP
74904,CEP
87447,DSCT
75080,DSCT
60826,CEP
168434,RR
110901,DSCT
168396,RRc
90645,DSCT
91420,RRc
160201,RR
34361,RR
66990,RR
105716,RR
127967,CEP
9238,RR
90554,RR
93299,RR
114174,DSCT
152447,CEP
75232,DSCT
147573,DSCT
132921,RR
79978,RRc
101772,RRc
49381,RR
119812,CEP
8137,RR
106098,RRc
88089,RRc
168391,RRc
89801,RRc
161266,RR
86507,CEP
17844,CEP
86037,DSCT
91163,RR
86435,CEP
38629,CEP
119563,CEP
133118,DSCT
97036,DSCT
62072,CEP
142549,CEP
53378,RR
38199,RR
89324,RRc
38777,RR
142334,RR
29506,CEP
10339,RRc
160228,CEP
160337,CEP
71497,DSCT
50523,RR
112022,DSCT
165415,RRc
152689,DSCT
152441,CEP
88317,RRc
30222,CEP
101129,RR
124940,CEP
71403,DSCT
78886,RR
113455,DSCT
55483,RR
89872,DSCT
58369,RR
163186,RRc
22725,DSCT
72380,CEP
90417,RR
82865,DSCT
35695,RR
73314,RR
85939,DSCT
150327,CEP
162255,RRc
102753,RRc
159413,CEP
78071,RR
11786,RRc
49477,CEP
95891,DSCT
65813,DSCT
96311,RRc
41552,RR
167558,RRc
129293,RR
145841,CEP
132356,CEP
90770,RR
60565,DSCT
67361,RR
70008,RR
97800,DSCT
156086,RR
8068,DSCT
150384,CEP
108656,RR
167631,RRc
134209,RR
76295,RRc
71329,CEP
164888,RRc
62020,CEP
73092,RRc
70743,CEP
35320,RR
89539,DSCT
104264,RRc
99234,DSCT
29003,RRc
83217,DSCT
76002,DSCT
63043,CEP
162972,RR
91070,DSCT
60857,CEP
25084,DSCT
80367,RR
159394,CEP
105414,RRc
65843,DSCT
91038,DSCT
166693,CEP
100587,RRc
98279,RRc
98672,RRc
98046,DSCT
99266,RRc
9422,DSCT
40573,RR
30166,CEP
28551,CEP
34390,RRc
44633,RR
76420,CEP
90410,DSCT
150219,CEP
102196,RRc
58441,CEP
116546,RR
60674,CEP
160221,CEP
119321,CEP
44532,RR
49704,RRc
49332,RR
85833,DSCT
101676,RRc
98316,DSCT
84368,RR
73143,RR
14930,RR
24863,RR
11005,RR
90530,DSCT
116462,RRc
50534,RR
22302,RR
166057,RRc
75103,DSCT
82774,CEP
168158,RRc
62393,CEP
165390,DSCT
137097,RRc
161123,RR
105648,RRc
99140,DSCT
73862,CEP
92600,RRc
71455,DSCT
95098,RR
63644,CEP
116425,RRc
84635,DSCT
92586,RR
58195,RR
91718,RRc
137810,RR
128697,CEP
62991,DSCT
87819,DSCT
132824,DSCT
100220,DSCT
133139,DSCT
64986,CEP
145879,CEP
28766,RR
90235,RR
168666,DSCT
137066,RR
90900,RRc
162284,RRc
116155,RRc
114337,RRc
49960,RR
79789,RR
63170,RR
152365,CEP
98258,DSCT
96608,RR
137216,RR
105729,RR
9316,DSCT
90852,DSCT
104657,RRc
117968,RRc
165037,DSCT
87595,RR
62474,DSCT
63168,CEP
8945,RRc
82886,RRc
96878,CEP
116620,RR
119462,CEP
9487,DSCT
22759,CEP
116863,RRc
108106,RR
28639,RR
37737,DSCT
105789,CEP
118008,CEP
60789,CEP
24291,DSCT
24037,DSCT
75841,CEP
105205,CEP
76773,RR
101580,DSCT
61965,CEP
29233,CEP
86841,DSCT
104178,RRc
24482,RRc
33832,RR
102030,RRc
9649,RR
158860,CEP
71853,CEP
61631,RR
85760,CEP
35333,RR
69064,RRc
70662,CEP
132380,CEP
86976,DSCT
29459,CEP
10062,RR
91083,RR
95738,RRc
98736,DSCT
37724,DSCT
86650,CEP
38233,CEP
160331,CEP
28251,DSCT
60201,CEP
26667,CEP
63668,DSCT
79498,RR
74113,CEP
130899,RR
86795,DSCT
19104,RRc
47767,RR
133423,RR
17841,CEP
80151,RR
20976,RRc
117085,RR
99375,DSCT
134101,RRc
34815,RR
75575,RR
55347,RR
128452,CEP
75892,DSCT
90077,DSCT
26894,DSCT
95701,RRc
19067,RR
60906,CEP
99415,DSCT
32351,RRc
78185,RRc
28702,CEP
119004,DSCT
84946,RRc
91167,RR
99442,DSCT
91835,RR
36143,DSCT
167046,DSCT
77995,RR
63662,DSCT
90501,RR
28282,DSCT
97084,DSCT
61247,CEP
65311,CEP
83787,RRc
32598,DSCT
165704,DSCT
63388,DSCT
23998,CEP
111910,RR
22909,CEP
31334,DSCT
103902,DSCT
147230,DSCT
100538,RRc
97596,DSCT
94580,RRc
22188,RR
125532,CEP
37903,DSCT
90298,RR
96308,RRc
36295,RR
94373,RRc
123084,RR
50817,RR
100084,DSCT
30920,RR
102572,DSCT
160222,CEP
9069,CEP
63983,DSCT
82488,RR
92054,RR
85605,CEP
113321,DSCT
168863,CEP
37887,CEP
135295,RRc
59345,RR
133738,DSCT
65954,DSCT
63704,DSCT
49745,RR
33782,RRc
38560,DSCT
128492,RR
73895,CEP
32159,CEP
65958,DSCT
60727,CEP
128502,RR
158861,CEP
145930,CEP
31381,RRc
161050,CEP
74567,CEP
57280,RR
95657,RRc
89569,DSCT
89369,DSCT
8636,RRc
80221,RR
63946,DSCT
158726,CEP
37816,DSCT
96352,RR
8351,RRc
169515,RR
85065,CEP
136960,RR
167568,RRc
159587,RR
34292,DSCT
68098,RR
159421,CEP
170096,RRc
41809,RRc
167163,DSCT
101724,RRc
125753,CEP
6910,CEP
140889,CEP
79594,RR
160381,CEP
99387,DSCT
8265,RR
90624,DSCT
28633,RR
73778,CEP
113938,RRc
80272,RR
132392,CEP
129285,RR
142290,RR
22610,RR
28197,RRc
85695,CEP
60491,CEP
37838,DSCT
94795,DSCT
167321,RRc
56639,CEP
51958,DSCT
91965,RR
83074,DSCT
98930,RRc
56314,RR
161255,DSCT
167522,RRc
32112,RRc
44527,RR
91116,RR
100591,RRc
125152,RR
23861,RR
95160,RR
104308,RRc
96846,RRc
91236,RR
9353,CEP
99738,RRc
86938,DSCT
142518,CEP
69496,DSCT
133511,RRc
104098,RRc
99553,DSCT
13197,RR
75256,DSCT
170497,RRc
160447,RRc
69692,DSCT
21262,DSCT
66326,RR
169501,CEP
97533,DSCT
87498,RR
167885,RR
160227,CEP
62993,DSCT
25590,RR
151800,DSCT
166878,RRc
9951,RR
34350,RR
20773,DSCT
100493,RRc
73364,RR
20288,RR
74032,CEP
25180,CEP
99914,RRc
111056,RR
22763,CEP
119373,CEP
169503,CEP
23640,RRc
33607,RR
112470,DSCT
27655,RR
64098,CEP
144886,CEP
9441,DSCT
119388,CEP
100862,RRc
83029,DSCT
145908,CEP
26972,RRc
34435,RR
136004,RRc
35425,RR
11796,RRc
78875,RR
65840,RR
128550,RRc
97578,DSCT
27733,RRc
33871,DSCT
145899,CEP
96998,DSCT
8075,RR
61754,CEP
82717,DSCT
87140,RRc
170410,RRc
169470,RRc
64080,CEP
7244,RRc
22261,RR
39299,CEP
71440,DSCT
24033,DSCT
109603,RR
33964,RR
154227,RR
22017,DSCT
100592,RR
111577,RR
62097,CEP
39114,CEP
63642,DSCT
110824,RR
77639,RR
33899,RR
89482,DSCT
107014,DSCT
34530,RR
125238,RR
87308,DSCT
89381,DSCT
50604,RR
28019,RRc
103803,RRc
160098,RRc
28248,DSCT
86844,DSCT
86747,DSCT
102937,DSCT
132394,CEP
117715,RRc
27738,RRc
116583,RR
71868,CEP
48704,RR
10050,RR
63850,DSCT
91171,RR
29257,RR
33728,RRc
71354,CEP
85594,CEP
34455,RR
105523,RRc
97138,RRc
8824,RRc
136091,RRc
65974,RR
95735,CEP
105939,RRc
145939,CEP
125985,CEP
60793,CEP
106964,DSCT
31243,DSCT
8134,RR
27654,RR
98809,RRc
94708,DSCT
109628,RR
27236,RRc
134908,RRc
63703,DSCT
105816,RRc
33525,RRc
134993,RRc
137001,CEP
63411,DSCT
78365,RR
9515,RR
64984,CEP
73274,RR
119026,CEP
133607,RRc
91562,RR
162039,RRc
22311,RR
94414,DSCT
28134,RRc
86194,CEP
78322,RR
78509,RR
115023,RRc
95941,DSCT
8605,RRc
100546,RRc
70745,CEP
26615,DSCT
7466,RRc
120923,RR
22013,RRc
87375,DSCT
136877,RR
91876,RRc
143918,CEP
47730,RR
32839,DSCT
86854,DSCT
96695,DSCT
120933,RR
139746,RRc
74434,CEP
60855,CEP
159402,CEP
21990,DSCT
159448,CEP
28046,CEP
160299,CEP
161269,RR
24936,CEP
28014,DSCT
72453,CEP
167036,RRc
72770,CEP
70177,RR
37889,DSCT
113175,DSCT
9949,RRc
96522,RRc
124731,CEP
73240,CEP
23891,RR
94853,RRc
32055,RRc
166800,RRc
91457,DSCT
91445,RR
84183,RRc
29351,RR
94475,DSCT
62389,CEP
26434,DSCT
158943,RRc
69817,DSCT
35567,RR
163319,RRc
95215,RR
107017,RR
130922,RR
145270,CEP
168765,RRc
73418,CEP
168174,DSCT
132388,CEP
161044,CEP
9931,RR
160311,CEP
26956,RRc
28414,CEP
79742,RR
97350,DSCT
99797,RRc
34450,RR
64294,DSCT
86014,DSCT
66376,RRc
94470,DSCT
89992,DSCT
165937,RRc
65076,CEP
160334,CEP
89837,RR
155873,RR
158969,CEP
159018,CEP
112333,RR
164942,RRc
62950,DSCT
90067,RR
10409,DSCT
141886,CEP
169517,RR
74335,CEP
103201,RR
86377,CEP
116208,DSCT
91814,RRc
32717,RRc
62581,RR
119801,CEP
155204,RR
101524,DSCT
75356,DSCT
35304,RR
167038,RRc
106015,RRc
38458,RR
96886,RR
7022,RRc
160380,CEP
49303,CEP
65932,DSCT
61948,CEP
92584,RR
160342,CEP
97600,RR
99593,DSCT
89878,RR
167542,RRc
61981,CEP
32613,DSCT
103851,RRc
99614,DSCT
11520,RRc
29101,RRc
9997,RR
110693,DSCT
22246,RR
65894,DSCT
45271,RR
135929,RRc
129184,RRc
170268,RRc
60744,CEP
28280,DSCT
134856,RR
161045,CEP
62006,CEP
56232,RR
75840,CEP
71863,CEP
119347,CEP
34332,RRc
63351,CEP
36335,RR
28622,CEP
167999,DSCT
23200,RRc
88716,RRc
64979,CEP
22469,RRc
103499,DSCT
100351,DSCT
62384,CEP
79497,RR
100338,DSCT
155970,CEP
157278,RRc
97948,RRc
29081,RRc
124722,RR
24600,RRc
87863,CEP
37714,DSCT
100951,DSCT
9493,DSCT
134881,RRc
12007,RR
114884,DSCT
100190,RRc
10148,RR
108974,RR
34431,RR
30840,RR
70479,CEP
78463,RR
96967,CEP
119414,CEP
28553,CEP
69726,DSCT
99624,RRc
91382,RRc
141823,DSCT
7159,RR
73701,CEP
78691,RRc
125394,CEP
97136,RRc
132306,CEP
74222,CEP
99502,RRc
88700,RRc
116834,RRc
63973,DSCT
117276,RR
89840,RR
109690,RR
85546,CEP
73906,CEP
98671,RRc
29198,RRc
166788,RRc
77864,RR
38534,RR
90902,RR
116211,DSCT
145940,CEP
96614,RR
79004,RRc
81765,DSCT
136981,CEP
110486,RR
76865,RR
25883,RRc
79340,RR
56185,RR
75912,DSCT
72769,CEP
23147,DSCT
83273,RRc
60913,CEP
163157,CEP
9958,RR
59120,DSCT
115334,RR
79410,RR
165723,DSCT
26234,RRc
89773,DSCT
87219,RRc
80204,RR
37916,CEP
55458,RR
128678,CEP
48661,DSCT
63979,DSCT
99975,DSCT
32567,RRc
23935,RR
169304,RRc
75290,CEP
32752,RRc
133559,DSCT
102309,RRc
54506,RR
28638,RR
50453,RR
152260,CEP
76379,DSCT
26494,RRc
94767,DSCT
60295,RR
75285,DSCT
105793,CEP
97156,RRc
159404,CEP
69741,DSCT
160321,CEP
71946,DSCT
11813,RR
101061,DSCT
74534,CEP
73662,CEP
138027,CEP
154196,RR
148848,RR
28292,DSCT
18062,DSCT
8078,RRc
71893,DSCT
24475,RRc
60730,CEP
167106,RRc
69073,RR
98471,DSCT
69936,DSCT
82885,RRc
71867,CEP
102532,RRc
88217,RRc
74230,CEP
129272,RR
86604,DSCT
8817,CEP
165063,RRc
76700,RR
78867,RR
40463,RRc
96680,DSCT
100680,DSCT
23902,RR
50679,RRc
87010,DSCT
72533,DSCT
154364,RRc
140933,DSCT
73828,CEP
27597,DSCT
21920,RRc
79861,RR
9230,RR
61970,CEP
163496,RRc
32774,DSCT
28817,RRc
34349,RRc
75897,DSCT
75004,DSCT
75877,CEP
22204,RR
126832,CEP
34262,RR
111061,RR
79940,RR
91325,RR
68158,RR
51525,RR
132302,CEP
34357,RR
35737,RR
90371,CEP
62090,CEP
165882,DSCT
132305,CEP
80178,RRc
105299,RRc
105739,RR
86667,DSCT
133578,RRc
77858,RR
144677,CEP
50634,RR
97830,RRc
73987,RR
62167,CEP
71414,CEP
135565,DSCT
167603,RRc
83421,RR
9348,CEP
90867,DSCT
117232,RRc
135175,RRc
169730,DSCT
32057,DSCT
65049,CEP
89768,DSCT
102786,DSCT
86735,DSCT
74538,CEP
145861,CEP
61118,RR
167886,RR
30043,RR
82184,DSCT
135265,RRc
159303,RRc
90604,DSCT
62612,RR
134859,CEP
38329,RR
63458,DSCT
86126,CEP
83316,CEP
91136,DSCT
40566,RR
98906,DSCT
134868,RRc
64288,CEP
74872,CEP
8496,RR
143417,CEP
159479,CEP
31685,RR
73934,CEP
145152,CEP
35512,RR
96024,DSCT
91712,DSCT
49859,RR
65164,RR
88026,RRc
80743,CEP
100632,RRc
90005,DSCT
90156,DSCT
8355,RRc
78321,RR
30611,RRc
166066,RR
102343,DSCT
73947,CEP
98642,RRc
132361,CEP
62643,DSCT
135004,RRc
163073,CEP
89467,DSCT
36409,RR
75837,DSCT
64854,DSCT
10149,RR
61944,CEP
102622,RRc
98266,RR
160329,CEP
138023,CEP
86191,CEP
90526,DSCT
132421,CEP
152308,CEP
26937,RRc
64810,DSCT
80294,RR
135023,RRc
36442,RRc
104042,RRc
57429,RR
94550,DSCT
26625,DSCT
134122,DSCT
35771,RR
145859,CEP
92042,DSCT
164073,RRc
144295,DSCT
33339,RR
64642,DSCT
7219,RRc
136791,RRc
154449,CEP
6891,RR
87859,DSCT
62635,RR
70666,CEP
164994,DSCT
64013,CEP
70546,CEP
70544,CEP
89076,RRc
70635,CEP
99014,DSCT
64594,DSCT
142183,DSCT
117309,DSCT
133177,DSCT
110954,DSCT
51633,RR
102248,DSCT
76301,DSCT
133473,RRc
114161,DSCT
105132,RRc
133575,RRc
103205,RR
26670,CEP
29320,RRc
62954,DSCT
28404,CEP
23190,RR
99638,DSCT
67991,RRc
28262,CEP
159408,CEP
106690,RRc
34410,RR
63723,DSCT
156110,RR
34721,RR
101819,RRc
133450,RR
60747,CEP
80829,CEP
63695,DSCT
115454,RRc
8837,CEP
70528,CEP
63249,RRc
90492,DSCT
166759,RR
24794,RR
27526,CEP
28247,DSCT
152265,CEP
97262,DSCT
91553,RR
37425,RR
30387,DSCT
27508,DSCT
99130,RR
119768,CEP
91614,RR
65101,CEP
9452,DSCT
71061,RR
60772,CEP
64920,DSCT
96630,DSCT
163003,DSCT
81771,RRc
77625,RR
62644,RR
62057,CEP
131888,RRc
73953,CEP
55265,RR
119830,RR
116787,RRc
85006,CEP
80192,RR
116712,RRc
116232,RRc
90447,DSCT
134719,DSCT
90723,RR
25485,DSCT
96307,DSCT
58334,RR
125025,RR
85020,CEP
100455,RRc
91456,DSCT
106610,CEP
135280,RRc
74407,CEP
60841,CEP
23714,RR
169426,RR
103466,RRc
84871,DSCT
96770,DSCT
100679,DSCT
85074,DSCT
95689,RRc
101812,RRc
49552,DSCT
95780,RRc
153777,RRc
105106,RRc
87319,DSCT
132816,DSCT
85896,DSCT
85297,RR
8827,RR
98302,RRc
80790,CEP
31522,RRc
22668,DSCT
145838,CEP
25760,RRc
35337,RR
36808,CEP
73943,CEP
168092,RRc
11612,RRc
89317,RR
72388,CEP
87113,RRc
23144,DSCT
160229,CEP
60664,CEP
21976,DSCT
97049,RRc
99737,RRc
62910,RRc
159443,CEP
114485,DSCT
87369,RRc
26753,RRc
169555,RRc
145913,CEP
117625,DSCT
159947,RRc
65855,DSCT
11053,DSCT
74233,CEP
61958,CEP
116599,RRc
63707,DSCT
86601,CEP
103377,DSCT
74408,CEP
102637,RRc
33429,RR
136049,RRc
28263,CEP
133357,RRc
75881,CEP
133363,DSCT
153614,RRc
102364,CEP
23320,RRc
140257,DSCT
40514,RRc
96023,RR
57252,CEP
135854,RRc
123340,RR
133127,DSCT
22294,RRc
77628,RR
152185,RRc
132713,RR
64399,DSCT
35763,RR
137146,RRc
135944,RRc
36301,RRc
129261,RR
118185,RRc
7463,RRc
128632,CEP
114973,DSCT
161444,RRc
58374,RR
126681,CEP
36297,RR
28623,CEP
87129,CEP
27943,DSCT
124967,CEP
163498,RRc
89147,RR
91169,RR
22434,DSCT
81307,RR
26209,RRc
67369,RR
85011,CEP
32102,RR
85098,CEP
34422,RR
60478,CEP
15046,RR
142359,DSCT
86397,CEP
8125,RRc
28668,RRc
28256,CEP
133366,DSCT
132370,CEP
82731,DSCT
163076,CEP
134207,RRc
170450,RRc
100603,DSCT
78914,RR
123021,RR
91659,DSCT
119562,CEP
66301,RRc
29269,CEP
88212,RRc
102362,CEP
117321,RR
125773,CEP
8917,RRc
68189,RR
160379,CEP
160353,RR
63398,DSCT
133237,RR
98015,RRc
124041,RR
64980,CEP
78161,RR
73853,CEP
26827,RRc
63913,RR
104838,RRc
60849,CEP
73525,CEP
7257,RRc
7191,RRc
101508,RRc
112495,RRc
72804,CEP
73365,RR
160313,CEP
146527,DSCT
133280,RR
33734,RRc
35370,RR
25652,RR
102388,DSCT
32477,RRc
23543,RRc
77605,RR
65060,CEP
105000,RRc
27240,RRc
80037,RR
100254,DSCT
76149,DSCT
55366,RR
90206,DSCT
166947,RR
50703,CEP
49304,RR
29453,CEP
8781,DSCT
132282,DSCT
137026,RR
65111,CEP
62931,DSCT
49338,RRc
77871,RR
29210,RR
136022,RRc
104229,DSCT
77334,RR
104986,RRc
159484,CEP
135866,RRc
35600,RRc
86970,DSCT
31466,RRc
90532,DSCT
91424,RR
87494,RRc
91751,DSCT
62899,DSCT
25658,RR
166984,RRc
83906,RRc
84883,DSCT
49391,RR
60936,DSCT
162106,RRc
126970,RR
160316,CEP
62833,DSCT
122352,CEP
165477,RR
169545,RRc
36050,RRc
133013,DSCT
129994,CEP
104834,RRc
32844,DSCT
10099,RR
96025,RR
85692,DSCT
89528,DSCT
98405,DSCT
28049,CEP
27033,CEP
162467,RRc
94760,RRc
34681,RR
97635,DSCT
94885,RRc
23860,RRc
61753,CEP
69642,DSCT
61221,RRc
61969,CEP
106970,RR
134802,CEP
28283,DSCT
38376,CEP
34705,RR
30952,RR
135894,RRc
134021,RRc
28549,CEP
50657,RR
64809,DSCT
124716,RRc
115501,RRc
86571,CEP
10342,RRc
29253,RRc
58422,CEP
118183,RRc
80712,CEP
105694,RRc
60214,CEP
63054,CEP
80174,RRc
160199,DSCT
26368,RRc
101123,RR
92483,RRc
65078,CEP
80752,CEP
100403,DSCT
14151,RR
62995,DSCT
71353,CEP
37535,RR
27918,RR
161953,DSCT
102614,RRc
64987,CEP
159398,CEP
64969,DSCT
54532,RR
88149,RRc
156425,RRc
74111,CEP
23948,RRc
101865,DSCT
97182,CEP
29386,RRc
96796,DSCT
89407,RR
159028,CEP
145909,CEP
145915,CEP
69187,RRc
104869,RRc
133449,RR
65286,CEP
77650,RR
82555,RR
38596,DSCT
98738,DSCT
99269,DSCT
79501,RR
23838,RR
164128,DSCT
92710,RR
136896,RR
69348,RR
8565,RRc
69719,CEP
160362,CEP
54289,RR
8599,RR
167488,RRc
62104,CEP
20958,DSCT
27990,RRc
37752,DSCT
94854,RRc
29174,CEP
37905,DSCT
86771,CEP
70011,RRc
109621,RR
26106,DSCT
79992,RR
135148,RRc
33987,DSCT
161564,RR
137330,RR
95812,RR
32315,CEP
90564,RR
160340,CEP
100490,RRc
77664,RR
119416,CEP
89368,DSCT
39702,RR
27679,DSCT
91759,DSCT
119309,CEP
8502,RR
169682,RRc
119395,CEP
11856,DSCT
86969,DSCT
168451,RRc
35799,RR
104704,RR
28389,CEP
98968,RRc
86028,DSCT
114563,DSCT
62300,CEP
111808,DSCT
167602,RRc
130264,RRc
8658,RRc
86495,CEP
72796,CEP
134084,RRc
65962,DSCT
35474,RR
21874,DSCT
23930,DSCT
27949,RRc
33841,CEP
75153,CEP
89704,RR
135575,RR
9489,DSCT
38639,CEP
126688,CEP
116529,RRc
34044,RR
90463,DSCT
159441,CEP
136833,RR
166912,RRc
76305,DSCT
105727,RRc
49572,RRc
106846,DSCT
9405,RRc
31147,RRc
73950,CEP
33860,DSCT
30215,CEP
22483,RR
99569,RRc
119319,CEP
99027,RRc
117229,RRc
22619,RR
104612,DSCT
117924,CEP
128610,CEP
17088,RR
70433,CEP
114966,DSCT
60703,CEP
97641,DSCT
63637,DSCT
60648,CEP
35571,DSCT
170496,RRc
87525,RRc
23546,RRc
10998,RR
81294,RR
101078,DSCT
6840,RRc
92471,RR
80841,CEP
31439,RRc
80749,CEP
132960,RRc
7417,RRc
72575,CEP
83762,RR
86964,CEP
34533,RR
140229,DSCT
97038,RRc
88387,DSCT
99213,RRc
24386,RRc
12757,RR
141051,RRc
63082,CEP
71427,CEP
132289,CEP
136148,DSCT
49397,RR
88864,DSCT
166080,RRc
63777,DSCT
129573,DSCT
140866,CEP
34481,RRc
23712,RR
17839,DSCT
37930,DSCT
24899,DSCT
34453,RR
130258,RRc
25680,CEP
87364,RR
169655,DSCT
116325,DSCT
38700,CEP
99277,DSCT
88997,RRc
89724,DSCT
132338,CEP
106016,RRc
117322,RR
160350,CEP
89385,RR
132416,CEP
64896,RR
160309,CEP
34867,RRc
102600,RRc
98549,RRc
145883,CEP
31433,RRc
105574,DSCT
31956,DSCT
26201,DSCT
34398,RRc
11400,RR
36219,DSCT
65822,DSCT
79312,RRc
89376,RRc
59600,CEP
31736,RRc
87278,RR
72778,CEP
70493,CEP
28286,DSCT
105743,RRc
91192,RRc
160341,CEP
160672,DSCT
137781,RRc
97258,DSCT
94886,RRc
99123,RRc
28550,CEP
161253,DSCT
7940,RR
98592,RRc
60649,CEP
96240,RR
73702,CEP
34529,RR
74112,CEP
93245,RR
91951,RR
133165,DSCT
33645,RRc
98711,RRc
55288,RR
98379,DSCT
32941,RR
105577,DSCT
110775,RR
124629,CEP
132379,CEP
72137,RR
87791,RR
124724,RRc
162326,DSCT
86431,CEP
35694,RR
82582,RRc
144835,CEP
90030,RR
35872,RR
165391,RR
10184,RR
122055,RR
117319,RR
146028,CEP
40610,RR
91901,RRc
169974,RRc
56025,RR
32114,RRc
40457,RR
80228,RR
37917,CEP
159492,CEP
62884,DSCT
23758,CEP
94924,RRc
55398,RR
167761,RRc
90892,DSCT
135229,DSCT
70207,CEP
9341,CEP
105089,RRc
8211,RRc
95789,RRc
106053,RRc
38904,CEP
160861,RR
29118,RRc
160160,RR
62516,RR
116953,DSCT
90919,RR
50715,RRc
111819,RRc
9083,RR
112726,DSCT
25977,RRc
135829,RRc
166417,DSCT
91703,RRc
105187,RRc
80362,RRc
92723,RR
98317,RR
34572,RR
61963,CEP
89374,DSCT
145266,CEP
22307,RR
168018,RRc
14888,RR
23327,DSCT
95656,RRc
165884,DSCT
79073,RR
106157,RRc
64983,CEP
77583,RR
85133,CEP
36950,DSCT
118620,CEP
114375,RRc
60522,DSCT
8760,DSCT
36302,RR
158329,RR
85926,CEP
91800,DSCT
88924,RR
112309,RR
143353,CEP
50512,DSCT
132304,CEP
74336,CEP
57483,CEP
132451,RRc
9234,RR
25474,RR
89944,RR
136787,RRc
138143,RR
124288,RRc
106405,RR
115528,DSCT
133240,RRc
63604,DSCT
119327,CEP
62574,RRc
153203,RR
100765,CEP
60170,CEP
15278,RR
135030,RRc
23149,DSCT
71644,DSCT
25020,DSCT
9364,DSCT
29487,CEP
60580,CEP
96734,DSCT
116894,RRc
28921,RRc
31863,CEP
79557,RR
102877,RRc
20990,DSCT
82957,DSCT
105483,DSCT
94652,RRc
34329,RR
119439,CEP
69955,DSCT
90799,RRc
22419,DSCT
25536,RR
71423,CEP
168553,RRc
90312,DSCT
116348,RR
83223,CEP
107206,RR
96968,DSCT
68118,RR
95339,RR
7409,RRc
145900,CEP
104770,RRc
77817,RR
136050,RRc
8816,CEP
115990,RRc
89820,RR
136982,CEP
60681,CEP
100500,RRc
117817,DSCT
112974,DSCT
92567,DSCT
106686,RR
101218,RR
11649,DSCT
131886,RRc
73332,RRc
80280,RR
103298,DSCT
71167,RRc
9475,DSCT
116853,RR
100396,DSCT
60815,CEP
60751,CEP
135546,RRc
8136,RR
134736,DSCT
132365,CEP
22000,RR
89873,RRc
70480,CEP
23415,DSCT
38385,DSCT
139175,DSCT
69299,RR
17898,DSCT
74551,CEP
99862,RRc
114930,RRc
78304,RR
50642,RR
102331,RRc
129279,RRc
10061,RR
79879,RR
94476,DSCT
49569,CEP
89020,RRc
124250,RR
138046,CEP
98367,RRc
92817,RR
71361,DSCT
23833,RRc
23376,RRc
134314,RRc
116652,RR
67224,RR
36400,RR
34454,RR
124936,CEP
112402,RRc
170566,DSCT
98069,DSCT
138019,CEP
112036,DSCT
119475,CEP
159390,CEP
167311,RRc
132911,DSCT
62945,RR
165662,DSCT
103663,RRc
37223,RR
106693,DSCT
60178,CEP
83958,DSCT
155835,RRc
160349,CEP
124062,RR
91390,DSCT
116735,RRc
9712,RRc
40450,RR
135277,RRc
105254,RRc
74072,CEP
117883,RR
71639,DSCT
70356,RR
34899,RRc
23273,DSCT
26968,RRc
167525,RRc
110940,RRc
132780,DSCT
90905,DSCT
29123,RRc
105347,RR
105979,RRc
105771,RRc
118203,RRc
95655,RRc
26839,RRc
97835,RRc
71907,DSCT
77754,RRc
28651,RR
159257,RR
79919,RR
29928,CEP
50800,RR
62866,DSCT
28908,DSCT
58134,RRc
28655,CEP
94965,RR
64091,CEP
32099,RRc
97480,RR
104065,RRc
114291,DSCT
127160,CEP
118623,CEP
27635,RRc
90420,RRc
87893,CEP
96980,DSCT
134211,RR
134156,RRc
119323,CEP
158670,CEP
34643,RRc
39298,RR
50009,RR
98598,RR
69665,DSCT
80802,CEP
77872,CEP
71410,CEP
9806,RR
22080,RRc
75500,RR
21286,DSCT
109917,RR
63438,RR
34438,RRc
65593,DSCT
99137,RRc
95948,DSCT
110926,RR
160343,CEP
34764,RRc
88155,CEP
31387,RRc
125872,CEP
109654,CEP
72214,RRc
54441,RR
33023,RR
69882,CEP
26725,RR
90212,DSCT
73848,CEP
102239,DSCT
28419,CEP
69636,DSCT
22192,DSCT
85856,DSCT
124267,RRc
28424,CEP
25090,DSCT
22200,RR
129267,RR
112849,RR
96566,RR
106707,RR
67032,RR
74537,CEP
154339,RRc
97827,RRc
12012,RR
23856,RR
26575,DSCT
9076,CEP
99199,RR
35384,RR
77909,RRc
11722,RRc
25910,RRc
29452,CEP
28744,RRc
105922,CEP
109660,CEP
156246,RR
141216,DSCT
106122,RRc
86764,DSCT
101637,RRc
28131,RRc
131712,RR
60672,CEP
115632,DSCT
61251,CEP
8253,RR
26045,RRc
27523,DSCT
85022,CEP
135820,RRc
96971,CEP
103984,DSCT
106972,DSCT
170453,RRc
162486,CEP
106040,RRc
30167,CEP
94399,RRc
8774,DSCT
166248,RRc
19049,DSCT
104286,DSCT
77614,RR
96969,CEP
8703,DSCT
151491,RRc
112024,DSCT
80361,RR
98702,RR
129286,RR
49697,RR
161052,CEP
102192,RRc
119555,CEP
62774,DSCT
130403,DSCT
40345,RR
130939,RR
96233,DSCT
65142,CEP
89935,RR
105728,RRc
12722,RRc
61957,CEP
119379,CEP
90538,DSCT
119800,CEP
105913,DSCT
102497,DSCT
134871,RR
27018,RRc
94374,DSCT
63083,CEP
36846,RR
71574,DSCT
91323,DSCT
69802,DSCT
9650,RR
90808,RRc
37746,DSCT
65141,CEP
118975,CEP
165468,RRc
9275,RR
34718,RR
34787,RR
159460,CEP
101922,RRc
159449,CEP
104827,RRc
161054,CEP
28621,CEP
111098,RR
122456,CEP
8360,RR
29134,RRc
113551,DSCT
90201,RRc
77721,RR
164029,RR
119417,CEP
104570,DSCT
62639,DSCT
61617,RRc
137821,RR
111963,DSCT
110777,RR
159438,CEP
132604,RR
89334,RRc
48713,RR
101795,DSCT
133567,RR
162013,RRc
155843,RR
65817,CEP
86765,DSCT
112450,DSCT
90528,DSCT
77823,RR
105560,RRc
87832,RRc
138026,CEP
112176,DSCT
70895,CEP
106207,RRc
27809,RRc
158968,CEP
119021,CEP
73699,CEP
38394,RR
72199,RR
157561,RRc
99028,RRc
119384,CEP
159412,CEP
72560,DSCT
135896,RRc
103140,RRc
73915,CEP
78575,RR
63051,CEP
79830,RRc
63389,DSCT
34782,RR
135764,RRc
20711,RRc
138644,CEP
159002,CEP
134316,RRc
34606,RR
29075,RRc
134057,DSCT
160323,CEP
119318,CEP
50461,RR
30184,CEP
61760,CEP
110747,DSCT
105585,DSCT
106300,RR
33632,RRc
23839,RR
85964,CEP
169788,RRc
73513,CEP
83777,RRc
117258,RRc
75086,DSCT
87222,RRc
10044,RR
64838,DSCT
112155,RR
89585,DSCT
124149,RR
23326,DSCT
65991,RR
133568,RR
73786,CEP
95000,RRc
156199,RR
32969,RR
21358,RR
10420,DSCT
87372,DSCT
129319,RR
24514,RRc
165881,DSCT
119564,CEP
77273,RR
169514,RRc
97562,DSCT
77951,RR
75555,RR
38473,RR
159420,CEP
71879,CEP
133230,RR
35466,RR
170328,DSCT
33436,CEP
11714,DSCT
27304,RRc
22023,RRc
36938,DSCT
34488,RR
67207,RRc
98820,RRc
77768,RR
104738,RRc
62709,DSCT
145767,CEP
102773,RRc
28654,RR
101035,DSCT
96515,RRc
90245,DSCT
79976,RRc
75324,CEP
159455,CEP
166083,DSCT
152366,CEP
79411,RR
23761,RR
64371,CEP
75878,CEP
130863,CEP
104870,RRc
90541,RR
34902,RRc
95880,RR
61682,RR
70352,RRc
77700,RR
104739,RRc
112153,DSCT
8330,RRc
160326,CEP
86149,DSCT
22172,RRc
113860,DSCT
23744,RR
158724,CEP
164095,RRc
22171,DSCT
65819,CEP
33861,DSCT
22235,DSCT
118010,CEP
137346,RR
64725,DSCT
73064,RR
73199,RR
9817,RR
114531,RRc
104982,RRc
60723,CEP
103510,DSCT
114196,RRc
90539,DSCT
36493,RR
64291,CEP
90967,RRc
23494,DSCT
60854,CEP
61765,CEP
63849,DSCT
113537,DSCT
103901,DSCT
102041,RRc
7313,RRc
111933,RR
29295,RRc
83119,RRc
101674,RRc
91129,RR
104532,DSCT
87383,RRc
115878,DSCT
31035,CEP
25649,DSCT
60750,CEP
115331,RR
91792,RRc
105678,DSCT
10053,RR
30082,CEP
152371,CEP
80547,RR
49324,RR
36304,RRc
32274,DSCT
158990,CEP
159935,RRc
19759,CEP
96773,DSCT
117714,RRc
135133,RR
97999,DSCT
8027,RRc
7837,RR
99073,DSCT
105655,RRc
159073,CEP
10025,RR
135585,RRc
135157,RRc
63022,CEP
28378,DSCT
136105,RRc
10344,DSCT
141212,DSCT
99180,RR
23742,CEP
68226,RR
136145,RRc
74763,RR
92202,DSCT
62965,DSCT
146985,DSCT
134112,RRc
37902,DSCT
32059,DSCT
64982,RR
85700,CEP
65032,RR
71955,CEP
28673,CEP
159423,CEP
62597,DSCT
70403,CEP
25686,DSCT
76101,RR
89632,DSCT
108603,RR
69799,DSCT
75870,DSCT
91976,DSCT
29569,RR
35748,RR
98466,DSCT
100442,RRc
160235,CEP
103651,RR
168033,RRc
34386,RR
78977,RR
56394,RR
135925,RR
28669,RRc
25862,RRc
56451,RRc
28588,RR
126744,CEP
142025,DSCT
8835,CEP
75052,CEP
60752,CEP
90836,DSCT
39313,RR
80852,CEP
28565,RR
7883,RR
117123,RR
60757,CEP
111044,RR
139636,RR
99917,RRc
132347,CEP
73805,CEP
102022,RRc
71873,CEP
80231,RR
80882,CEP
7921,RRc
117999,RRc
8208,RRc
148261,DSCT
64668,DSCT
25468,DSCT
129289,RR
91605,RR
37861,DSCT
88883,RRc
50043,RR
28650,RR
50845,RR
148408,CEP
136873,RR
160317,CEP
154249,RRc
54398,RR
63391,DSCT
86798,DSCT
80124,RR
134966,RRc
23990,DSCT
117339,RRc
96884,RRc
143896,CEP
27630,RRc
103435,RRc
7833,CEP
99610,DSCT
37142,RR
82684,RR
116071,RRc
161062,CEP
137089,RRc
91497,RRc
119312,CEP
89979,DSCT
103297,DSCT
133693,DSCT
8634,RRc
136997,CEP
60184,CEP
167495,RRc
167586,RRc
85755,CEP
160348,CEP
117251,RR
20042,RR
29232,CEP
160310,CEP
133525,RRc
110065,RRc
90893,DSCT
13227,RR
7406,RRc
10329,RR
73939,CEP
136829,RRc
78982,RRc
90907,DSCT
86761,DSCT
129179,RR
60660,CEP
74447,CEP
170205,RRc
168108,CEP
77735,RRc
137033,RRc
65925,CEP
29489,CEP
133803,DSCT
70526,CEP
75880,CEP
95161,RR
152268,CEP
23656,DSCT
80136,RR
135831,RRc
115359,RR
86965,CEP
65859,DSCT
141927,DSCT
124125,RRc
160224,CEP
79442,RR
78400,RR
10747,DSCT
153383,RRc
22447,DSCT
134663,DSCT
62858,DSCT
104407,RRc
63957,DSCT
94593,DSCT
133097,DSCT
100774,CEP
168410,RRc
70208,RRc
85821,RR
86745,DSCT
106057,RRc
105755,RR
137095,RRc
92072,DSCT
9410,RRc
69637,DSCT
32094,DSCT
158408,RR
62758,DSCT
89403,RR
55397,RRc
105919,CEP
116517,RRc
115344,RRc
34791,RR
9067,RRc
7265,RRc
150382,CEP
134645,DSCT
78226,RR
159450,CEP
50484,RR
50104,RR
160307,CEP
137020,RR
71363,DSCT
90166,RR
75911,DSCT
7899,RRc
89821,DSCT
119324,CEP
21962,RRc
32312,CEP
112340,RR
136133,RRc
96960,RRc
28153,RRc
117325,RRc
61757,CEP
83234,RR
80269,RR
169362,RRc
116864,RRc
101456,DSCT
68292,RR
38662,RR
87502,RR
36321,RR
78839,RR
40432,RR
155277,RRc
89796,RRc
34775,DSCT
20925,DSCT
156048,CEP
22840,CEP
73942,CEP
74497,CEP
34549,RRc
116850,RRc
117885,RRc
80063,RRc
27499,DSCT
11350,RR
139306,DSCT
167414,DSCT
63981,DSCT
78622,RRc
24354,RRc
118999,DSCT
114776,RR
22584,RRc
29285,RR
8401,RRc
134343,CEP
89553,DSCT
60542,CEP
112332,RRc
78413,RR
105861,RRc
99929,DSCT
117244,DSCT
74078,CEP
101736,RRc
65697,DSCT
25453,DSCT
89160,RRc
119099,CEP
38941,RR
125907,CEP
142348,RR
138024,CEP
147145,CEP
73098,RR
94592,DSCT
71653,CEP
98408,RRc
116406,RR
159456,CEP
159407,CEP
19089,DSCT
32374,RRc
163990,RRc
27879,RRc
103600,RR
38623,DSCT
7908,RR
115552,RRc
153517,CEP
55504,RR
86609,CEP
100514,DSCT
61956,CEP
62394,CEP
72394,DSCT
105736,RRc
87669,RRc
96791,RRc
152450,CEP
99596,RR
99705,RRc
134646,DSCT
153536,RRc
89572,DSCT
72311,RR
73911,CEP
85509,CEP
60676,CEP
166907,RRc
132293,CEP
91104,RR
16962,DSCT
120946,CEP
116337,DSCT
103380,DSCT
20972,DSCT
119326,CEP
35592,RR
28696,CEP
132385,CEP
106931,RR
102518,RRc
129220,RR
104709,CEP
88203,RRc
57848,RR
129645,DSCT
90612,DSCT
122388,DSCT
88718,RRc
8296,RRc
9321,RRc
73864,CEP
28645,RR
35811,RR
8461,RRc
119504,CEP
97993,DSCT
79583,RR
63226,RR
71888,CEP
79326,RR
49466,RR
71034,CEP
51209,RR
152257,CEP
70637,CEP
68306,RRc
60165,CEP
86941,DSCT
86115,DSCT
93229,RR
133343,RRc
68555,RRc
170479,RRc
102523,RRc
136994,CEP
65705,DSCT
170361,RRc
86012,DSCT
102566,DSCT
62711,DSCT
96618,DSCT
164193,RRc
133635,DSCT
160230,CEP
71902,DSCT
28552,CEP
55292,CEP
65121,CEP
57452,RR
136812,RR
78632,RR
9258,RRc
56620,CEP
29348,RR
152375,CEP
63633,DSCT
96512,DSCT
60135,CEP
78552,RR
97853,DSCT
8176,RR
167273,RRc
114587,DSCT
98353,DSCT
98933,RRc
160338,CEP
138039,CEP
74261,CEP
21145,RR
159075,CEP
74476,CEP
94596,RRc
100066,RRc
164219,DSCT
164048,DSCT
97000,DSCT
23347,DSCT
75817,DSCT
18790,DSCT
104488,DSCT
74333,CEP
151622,CEP
37782,DSCT
32771,DSCT
116816,RR
112250,DSCT
85014,DSCT
104528,DSCT
133818,DSCT
82780,CEP
152283,RR
96601,RR
136119,RRc
73395,CEP
27865,RRc
161041,CEP
168554,RRc
22191,RR
159391,CEP
92623,DSCT
35319,RR
144874,CEP
168897,RRc
132923,RR
116178,RRc
60905,CEP
24602,RRc
88111,RRc
97642,DSCT
106294,RRc
128441,CEP
132295,CEP
27496,CEP
58697,DSCT
116910,RRc
22656,RR
18266,DSCT
131769,RR
134231,RR
62982,DSCT
88634,DSCT
138045,CEP
98382,RRc
116215,RR
144791,CEP
108299,RR
71761,DSCT
35510,RR
91117,DSCT
78211,RR
90283,RR
141073,RRc
29993,RRc
105204,CEP
36528,RRc
140473,CEP
70438,CEP
32698,DSCT
95736,CEP
117121,RRc
55264,RR
105093,RRc
73849,CEP
72050,RR
132791,RRc
64641,DSCT
38228,CEP
97636,RRc
11624,RRc
125905,CEP
132384,CEP
89592,DSCT
152376,CEP
90200,DSCT
101068,DSCT
63874,DSCT
126811,CEP
91026,DSCT
98551,DSCT
73820,CEP
91281,RRc
9245,DSCT
37116,RR
87869,RRc
11156,DSCT
102137,RRc
169431,RRc
62805,DSCT
86232,CEP
29297,RRc
76405,DSCT
30742,RRc
148394,CEP
25297,RRc
97735,DSCT
74417,CEP
106288,RRc
72021,RR
99186,DSCT
94598,RRc
71629,DSCT
53519,CEP
74235,CEP
91436,DSCT
106698,RRc
98267,DSCT
78101,RR
97466,RRc
69682,DSCT
74321,DSCT
86777,DSCT
77590,CEP
34511,RR
89868,RRc
35377,RR
31212,RRc
73827,CEP
167002,RRc
99438,DSCT
74698,RR
130313,RR
152982,RR
77117,RR
25260,RRc
94623,DSCT
65899,DSCT
103689,RRc
151257,CEP
106843,DSCT
9416,DSCT
63634,DSCT
65902,CEP
37797,DSCT
24113,RRc
87489,RRc
71985,RR
69791,CEP
82104,RRc
55481,RR
161051,CEP
27512,DSCT
90969,RRc
123212,RR
85516,CEP
60579,CEP
165018,RRc
145081,DSCT
86207,DSCT
101778,DSCT
61761,CEP
119359,CEP
29230,DSCT
80044,RR
54438,RR
87366,RRc
152267,CEP
101318,RRc
63655,RR
119440,CEP
103492,DSCT
29223,RRc
9656,DSCT
71947,DSCT
134945,RR
32655,RRc
28351,CEP
110789,RRc
89349,RR
23197,RRc
133125,DSCT
84070,RRc
33989,RR
68216,RR
8826,RR
91299,DSCT
73729,CEP
63489,DSCT
29490,CEP
160346,CEP
71243,RR
49543,RR
90384,RR
160233,CEP
107875,RRc
70474,CEP
145962,CEP
78136,RR
102936,DSCT
95609,RRc
62105,CEP
134528,RRc
98434,RRc
159414,CEP
82786,CEP
88701,RRc
74416,CEP
70734,CEP
98910,RRc
90970,RRc
159422,CEP
26142,RRc
160962,CEP
135201,RRc
132948,DSCT
36989,DSCT
68161,RR
50721,RR
104017,RRc
65087,CEP
94651,RRc
89500,DSCT
143422,CEP
119352,CEP
9978,RR
114489,DSCT
62087,CEP
116812,RRc
69814,DSCT
70626,CEP
159260,RR
49530,RR
100980,RRc
82711,RRc
7086,RRc
27636,RRc
34517,RR
124537,CEP
38304,CEP
165385,DSCT
159019,CEP
91047,DSCT
29988,RR
62061,CEP
60529,CEP
78846,RR
63656,DSCT
113334,DSCT
95831,DSCT
103146,RRc
97745,RRc
115535,DSCT
117124,DSCT
125920,CEP
10412,DSCT
159471,CEP
7341,RRc
110814,DSCT
78581,RR
22184,CEP
34733,RRc
145867,CEP
116194,DSCT
98546,RRc
134803,CEP
33386,RR
40384,RR
105152,RRc
87286,DSCT
77414,DSCT
84034,DSCT
34432,RR
90379,CEP
142747,RR
62790,DSCT
62007,CEP
166885,RRc
79888,RRc
79862,RR
65814,DSCT
11645,DSCT
81949,CEP
151519,RRc
112854,RR
132794,RRc
112866,RRc
63949,DSCT
24864,RRc
106767,RRc
132294,CEP
140435,RR
95753,RR
8821,RR
119133,DSCT
89289,RRc
79351,RRc
159523,RR
10200,RRc
91561,RRc
138628,CEP
103115,DSCT
152428,CEP
71395,DSCT
85194,CEP
152539,DSCT
27925,RRc
133191,DSCT
79715,RR
101782,DSCT
170466,DSCT
65635,DSCT
106963,RR
63734,DSCT
160351,CEP
159384,CEP
114770,DSCT
135905,RRc
65065,CEP
30636,RRc
100036,DSCT
153746,RR
24202,RRc
99676,RRc
100857,RRc
136870,RR
34013,RR
134876,RR
79381,RR
89817,DSCT
63649,DSCT
126800,CEP
165348,RRc
82918,DSCT
89342,RRc
49515,RR
28658,CEP
32118,RRc
129101,CEP
143536,CEP
61204,RR
65900,CEP
79946,RRc
159527,RRc
13073,RRc
25679,CEP
87862,DSCT
25731,DSCT
11838,RR
63875,DSCT
22374,DSCT
97992,DSCT
34727,RR
26829,RRc
85701,CEP
90127,DSCT
162590,RR
36956,DSCT
28393,CEP
97966,DSCT
94615,RR
119815,DSCT
102529,RRc
37807,DSCT
7954,CEP
163493,RRc
22137,DSCT
91449,RR
73948,CEP
97081,CEP
140157,RRc
63372,CEP
136120,RRc
62613,RR
23005,RR
97825,DSCT
96526,RR
75917,DSCT
37033,RR
25824,RRc
64369,CEP
90911,DSCT
152452,CEP
169537,DSCT
80893,CEP
90578,DSCT
147626,RR
62299,CEP
37722,DSCT
136102,RRc
24888,CEP
60814,CEP
7118,RR
135568,RRc
161004,RRc
105151,RRc
33198,RR
98485,RRc
94766,DSCT
159432,CEP
63065,CEP
37915,CEP
17287,RR
62019,CEP
60911,CEP
86617,DSCT
54221,DSCT
159418,CEP
97170,CEP
27036,CEP
62946,RR
89558,DSCT
86907,DSCT
168549,RRc
12755,RR
165929,RRc
132324,CEP
60935,DSCT
74483,CEP
91041,RRc
90556,RR
160344,CEP
133405,RRc
73696,CEP
153641,CEP
125170,RR
91017,RR
105179,RRc
11544,RRc
84877,DSCT
9107,RRc
132861,DSCT
132373,CEP
60788,CEP
36281,RRc
35780,RR
96516,RRc
136841,RRc
110835,CEP
97606,DSCT
100683,DSCT
134184,RRc
113908,RRc
102047,RRc
131757,RR
61540,RRc
137021,RR
112535,CEP
92480,DSCT
97982,DSCT
8995,RRc
145868,CEP
159032,CEP
91193,RRc
71409,CEP
77826,RR
28297,DSCT
97902,RRc
94545,RRc
103262,DSCT
134882,RRc
142042,RRc
60715,CEP
24448,RRc
86272,DSCT
67180,RR
7306,RRc
92068,DSCT
130257,DSCT
30315,CEP
65882,DSCT
157681,RRc
130122,RR
63859,DSCT
24695,DSCT
64694,DSCT
27640,CEP
22183,CEP
81950,CEP
70358,RR
31997,DSCT
169216,RRc
152255,CEP
88728,RRc
129239,RR
141447,DSCT
170451,RR
12791,RR
35368,RR
32792,RRc
29140,RR
143608,RR
134324,RRc
102984,DSCT
72384,CEP
84102,DSCT
170252,RRc
83230,RR
100657,DSCT
63665,DSCT
161250,DSCT
78265,RR
96712,RRc
116651,RR
28255,CEP
90392,DSCT
133547,RRc
137099,RRc
166243,RRc
87312,DSCT
73826,CEP
86926,DSCT
35669,RRc
137815,RR
25593,RR
152451,CEP
8589,RRc
75416,DSCT
66255,RR
80798,CEP
23532,DSCT
71110,RR
27808,RRc
7820,CEP
30568,RRc
111065,RR
48658,CEP
77726,RR
117233,RRc
96027,RR
71420,DSCT
156807,DSCT
63278,RR
125927,RR
152438,CEP
96550,DSCT
90642,DSCT
160325,CEP
119346,CEP
135863,RRc
102119,RRc
160306,CEP
161063,CEP
31434,RRc
136488,DSCT
60684,CEP
92343,RR
100452,RRc
158988,CEP
77394,RRc
32787,RRc
116288,DSCT
90202,DSCT
95734,CEP
170408,RRc
63839,DSCT
166369,RRc
71470,CEP
78219,RRc
96777,DSCT
107836,RR
137204,RRc
36896,DSCT
34677,RR
104001,DSCT
97781,DSCT
62992,DSCT
20776,DSCT
133286,RRc
60668,CEP
23141,DSCT
151249,CEP
29476,CEP
75836,DSCT
85036,DSCT
104722,RRc
116251,DSCT
130279,RRc
29258,RR
60842,CEP
68081,RR
170292,RR
106827,RR
104823,RRc
86653,CEP
116193,RR
32163,CEP
60708,CEP
87816,DSCT
68809,DSCT
42403,RR
71866,CEP
9727,RRc
91615,RR
69881,DSCT
61949,CEP
64981,CEP
94602,DSCT
159415,CEP
73952,CEP
60531,CEP
89424,DSCT
49353,RR
117279,RR
29279,DSCT
126890,RR
117227,RRc
161047,CEP
65884,DSCT
132298,CEP
78237,RR
142028,DSCT
160220,CEP
86592,CEP
86652,CEP
97253,DSCT
34499,RR
12794,RR
63712,DSCT
137790,RR
98717,DSCT
62293,CEP
145766,CEP
23206,DSCT
37703,DSCT
97185,CEP
71956,CEP
8676,RR
87833,RRc
50391,RR
64084,CEP
32719,RRc
165762,RRc
27592,CEP
135244,RRc
77400,DSCT
96520,RR
62175,CEP
79210,RR
73798,CEP
140255,DSCT
37442,RR
24072,RR
112000,RRc
135507,RRc
160249,RRc
104088,DSCT
160113,RR
63079,CEP
136002,RR
90548,RR
31924,RR
97178,CEP
133101,DSCT
79894,RR
57583,RR
64814,DSCT
27039,CEP
161053,CEP
106666,DSCT
55364,RR
86000,DSCT
25666,RRc
60197,CEP
134524,CEP
119431,CEP
165796,DSCT
25062,DSCT
72995,RRc
62085,CEP
20399,DSCT
9106,RRc
24612,DSCT
95745,RRc
23749,RR
92651,DSCT
95335,RR
40310,RR
36152,DSCT
102008,RR
75903,DSCT
63687,DSCT
132753,DSCT
32280,DSCT
160318,CEP
69068,RRc
28641,RR
71894,DSCT
97897,RRc
59614,CEP
105641,DSCT
71425,DSCT
72776,CEP
32642,RRc
160352,CEP
158929,CEP
33707,RR
32886,RR
144669,RR
164883,RRc
35332,RR
35804,RR
31427,RRc
21282,DSCT
99865,DSCT
70251,RRc
45779,RR
97408,DSCT
35603,CEP
92591,RR
30668,RR
86124,CEP
79935,RRc
28562,CEP
90727,RR
28672,CEP
7019,RRc
119113,CEP
10049,RR
73824,CEP
166101,DSCT
49618,CEP
74359,CEP
128569,RR
37892,CEP
50663,RR
91972,RR
35587,RR
30175,CEP
88062,RRc
64592,DSCT
27751,RRc
136009,RRc
89990,DSCT
89666,RR
159411,CEP
105425,RRc
160332,CEP
85537,CEP
137064,RR
80168,RR
74557,CEP
135741,DSCT
159650,RRc
75130,DSCT
77608,RRc
97126,RRc
26611,DSCT
115499,RRc
84132,RRc
77122,RR
8674,RR
104572,RRc
88299,DSCT
79754,RR
27628,RRc
91650,RR
60716,CEP
62392,CEP
74436,CEP
167034,RRc
82008,DSCT
79586,RR
156709,RRc
76333,DSCT
86943,DSCT
8550,RRc
8675,RR
99617,RRc
103483,DSCT
71880,CEP
112025,DSCT
49437,RR
105090,RRc
70475,CEP
29231,DSCT
129313,RR
97816,DSCT
9442,RRc
61763,CEP
78970,RR
136104,RRc
165931,RRc
89849,DSCT
93495,RR
90960,DSCT
63488,DSCT
88066,RRc
169465,CEP
129178,RR
132337,CEP
79591,RR
129250,RR
159405,CEP
54577,RR
116401,DSCT
137157,RRc
23381,RRc
101836,DSCT
109659,CEP
62515,RR
8709,RRc
62377,CEP
65138,CEP
72171,RRc
57619,RR
115453,RRc
105887,CEP
89795,RRc
95183,RRc
165538,DSCT
80817,CEP
94693,DSCT
165275,DSCT
28353,CEP
8065,DSCT
74533,CEP
79578,RR
16899,DSCT
9959,RR
102502,RRc
92599,DSCT
154370,RR
132640,RR
71659,CEP
158989,CEP
57496,CEP
27685,RRc
158218,RRc
159074,CEP
82934,DSCT
37893,CEP
98029,RRc
67391,RR
73005,RR
7832,RR
53185,RR
73591,CEP
75253,DSCT
161042,CEP
145860,CEP
25502,RR
28624,CEP
49683,RR
98594,RR
150302,RR
135224,DSCT
167009,RRc
62696,DSCT
70623,CEP
99251,DSCT
115368,RRc
153388,RR
116980,RRc
25449,DSCT
62926,DSCT
65945,DSCT
105203,CEP
86802,DSCT
79906,RR
159510,RR
36293,RR
59200,RR
133226,RR
22422,DSCT
85996,DSCT
62005,CEP
74622,RRc
25756,RRc
87680,DSCT
74221,CEP
62165,CEP
15653,DSCT
86109,CEP
116320,RRc
160322,CEP
74936,CEP
88058,RRc
159509,RR
8095,RRc
23322,RRc
24938,RR
50690,RR
65152,CEP
99508,DSCT
62706,RR
10016,RR
22293,RR
101158,DSCT
103415,RR
94824,DSCT
86981,DSCT
90923,DSCT
160236,CEP
41760,RRc
16082,RR
159227,RRc
34763,RR
89455,DSCT
38205,RR
88577,RRc
21888,DSCT
75924,DSCT
169516,RRc
161169,RRc
73814,CEP
89968,RR
134720,RRc
36290,RR
21777,RR
116429,RR
10365,DSCT
74441,CEP
64396,DSCT
70497,CEP
95018,RR
164131,DSCT
8126,RRc
159033,CEP
34498,RR
70551,CEP
74246,CEP
110838,CEP
98701,RRc
106569,DSCT
57162,RR
62566,DSCT
40552,RR
18479,RRc
35605,CEP
80819,CEP
61953,CEP
63327,RR
73825,CEP
28555,CEP
86772,CEP
169748,DSCT
79462,RR
24812,DSCT
132871,DSCT
32619,RRc
26642,RRc
119361,CEP
89609,DSCT
90758,DSCT
98510,DSCT
75291,CEP
7085,RRc
129189,RR
163722,RRc
72014,RR
90248,DSCT
145377,DSCT
125467,CEP
50420,RR
88065,RRc
80092,RRc
75231,DSCT
7425,RRc
63638,DSCT
73909,CEP
8916,RRc
132280,DSCT
7316,RRc
89727,DSCT
160378,CEP
124995,CEP
32390,RRc
55295,CEP
69838,DSCT
167493,RRc
60688,CEP
133486,RRc
125549,CEP
74495,CEP
100007,DSCT
55619,RR
102394,DSCT
41570,RR
145824,CEP
10771,DSCT
94777,RRc
9255,CEP
124965,CEP
64278,CEP
137763,RR
89583,DSCT
74860,CEP
75806,DSCT
166174,RRc
158999,CEP
61756,CEP
125123,RR
25588,DSCT
61256,CEP
155715,DSCT
165839,DSCT
101434,RRc
170512,RRc
134794,DSCT
166095,DSCT
70656,CEP
63088,CEP
20920,DSCT
23100,DSCT
29435,CEP
110989,RRc
165836,DSCT
77487,RR
33941,RR
132418,CEP
7862,RR
116954,DSCT
28322,CEP
159477,CEP
28644,CEP
22232,RR
103484,DSCT
89945,RR
132301,CEP
166636,RRc
111463,RR
84875,RRc
60175,CEP
44548,RR
91471,DSCT
27583,DSCT
9061,CEP
142067,DSCT
34628,RR
21836,DSCT
63761,DSCT
23717,RR
135850,RRc
17854,DSCT
73804,CEP
123312,RR
124942,CEP
9922,RR
49461,RR
77642,RRc
148602,CEP
96629,RR
25512,DSCT
8036,RRc
117031,RRc
142237,RRc
10089,RR
132357,CEP
70664,CEP
161057,CEP
38699,CEP
156125,CEP
90411,DSCT
133025,DSCT
79994,RR
105964,RRc
160320,CEP
9603,RR
136943,RRc
14134,RR
38642,RR
50296,RR
151251,CEP
27037,RRc
37542,RRc
142107,RRc
75932,DSCT
34554,RRc
60595,CEP
104466,RRc
60745,CEP
107115,RR
8955,RRc
111906,RR
18547,DSCT
56327,RRc
88599,RRc
73816,CEP
116900,RRc
110895,RRc
74531,CEP
139166,DSCT
53323,RR
124984,CEP
138655,CEP
33974,RR
103612,RR
110818,RRc
119362,CEP
99419,DSCT
85047,CEP
28606,RR
31132,RR
159454,CEP
29265,DSCT
137130,RR
118228,CEP
26039,RRc
89713,DSCT
97829,RRc
99425,DSCT
90075,DSCT
29266,RRc
86963,CEP
75378,DSCT
83245,RR
116870,RRc
119391,CEP
136881,RR
23713,RR
39549,RR
22452,RRc
74449,CEP
62383,CEP
65153,CEP
80843,CEP
65077,CEP
133144,DSCT
28536,CEP
35214,RR
133103,DSCT
132428,CEP
29458,CEP
63801,DSCT
75919,DSCT
60594,CEP
116296,RR
94878,RRc
136046,RR
135813,RRc
160312,CEP
27913,RR
29456,CEP
79496,RRc
27642,CEP
23083,DSCT
137085,RRc
26605,RR
94490,DSCT
69727,DSCT
26748,DSCT
7367,RR
69709,DSCT
160382,CEP
86651,CEP
132964,RRc
164908,RRc
34475,RR
85064,CEP
20813,DSCT
155986,RR
65112,CEP
105643,RRc
167541,RRc
160360,CEP
70530,CEP
135871,RRc
86106,CEP
71920,DSCT
105185,RRc
162344,RRc
28012,DSCT
65080,CEP
72639,CEP
166040,DSCT
100649,DSCT
159652,RRc
62086,CEP
78947,RR
14312,RR
100401,RRc
96758,DSCT
7976,RRc
97550,RRc
78131,RR
60187,CEP
24453,RRc
85913,DSCT
7951,CEP
96881,CEP
107071,DSCT
104453,RRc
75581,RR
60743,CEP
156764,RRc
61145,RR
102042,RRc
89966,RR
